"title","body","rating","review_date","source","curated","reviewer_name","reviewer_email","product_id","product_handle","reply","reply_date","picture_urls","ip_address","location","metaobject_handle"
"Calidad y confort insuperables en la Empirea","Mi experiencia con la Empirea ha sido excepcional. Es sólida y bien construida y muy estilizada. Ideal para trabajar desde casa. La atención al cliente también fue muy buena cuando pregunté por el envío.","5","2025-05-09 21:52:32 UTC","judge-me","ok","Ximena Martinez","ximena.martinez_@icloud.com","7605683323089","empirea","","","","","","review-3050e42d-6949-40d6-827a-78633a2cb945"
"Muy recomendable esta Empirea","Estaba buscando una silla ergonómica de calidad y la Empirea ha superado todas mis expectativas. Es robusta, los acabados son impecables y, lo más importante, es increíblemente cómoda. Una excelente compra para mi salud postural.","5","2025-01-05 00:00:00 UTC","judge-me","ok","Paula Perez","paula.perez945@live.com.mx","7605683323089","empirea","","","","","","review-4a6e0a3d-e4d1-436e-99a3-b358991f5d57"
"Un cambio total para mi espalda","Si pasas mucho tiempo sentado, esta silla Empirea es para ti. Me ha ayudado a mejorar mi postura y a reducir la fatiga considerablemente. El diseño es moderno y combina genial con mi escritorio. ¡Cinco estrellas sin dudarlo!","4","2025-05-09 21:52:32 UTC","judge-me","ok","Sebastian Ortega","sebastian.ortega939@live.com.mx","7605683323089","empirea","","","","","","review-1ab513ae-6f21-4429-9e17-7fdd00b46488"
"Feliz con mi compra","Mi experiencia con la Serafin ha sido excepcional. Es bastante ergonómica y fácil de ajustar. Ideal para estudiar por largas horas. La atención al cliente también fue muy buena cuando pregunté por el envío.","5","2025-05-09 21:52:32 UTC","judge-me","ok","Carlos Moreno","carlos.moreno933@empresa.com.mx","7605682864337","serafin","","","","","","review-e6a0457b-630d-485f-a4fc-c1c90b5fd507"
"No puedo pedir más","Estoy fascinado/a con la Serafin. El ensamblaje fue mejor con ayuda de otra persona y desde el primer momento sentí el confort. Los materiales son premium y el color azul es muy bonito es precioso. ¡Una gran adquisición!","5","2025-05-04 00:00:00 UTC","judge-me","ok","Juliana Herrera","juliana.herrera58@gmail.com","7605682864337","serafin","","","","","","review-094d8b54-6d18-4a38-8cb3-a96a51c92cec"
"Muy recomendable esta Aura","Mi experiencia con la Aura ha sido excepcional. Es sólida y bien construida y fácil de ajustar. Ideal para relajarme leyendo. La atención al cliente también fue muy buena cuando pregunté por el envío.","4","2025-05-09 21:52:53 UTC","judge-me","ok","David Hernandez","david.hernandez758@empresa.com.mx","7599476342993","aura","","","","","","review-17aaf216-d3ee-4637-b03b-288e7f30d880"
"¡Adiós dolor de espalda con la Serafin!","Estoy fascinado/a con la Serafin. El ensamblaje fue mejor con ayuda de otra persona y desde el primer momento sentí el confort. Los materiales son premium y el color negro con azul es muy elegante es precioso. ¡Una gran adquisición!","4","2024-10-10 00:00:00 UTC","judge-me","ok","David Jimenez","david.jimenez840@gmail.com","7605682864337","serafin","¡Hola! Estamos encantados de saber que la Serafín ha sido de gran ayuda para tu dolor de espalda. Nos esforzamos por ofrecer productos de alta calidad y nos alegra que hayas notado la diferencia desde el primer momento. ¡Disfruta de tu elegante y preciosa Serafín y gracias por tu excelente reseña!","2025-05-09 22:01:23 UTC","https://s3.amazonaws.com/me.judge.review-images/silla-vida/1746828102__1746828099391-apex-h-4d-arm3__original.jpg","","","review-6d3b9307-64e9-46c8-a8ca-7f1c2f384b22"
"Simplemente perfecta","Estaba buscando una silla ergonómica de calidad y la Livina ha superado todas mis expectativas. Es robusta, los acabados son impecables y, lo más importante, es increíblemente cómoda. Una excelente compra para mi salud postural.","5","2025-02-05 00:00:00 UTC","judge-me","ok","Valeria Moreno","valeria.moreno141@aol.com","7605681881297","livina","","","","","","review-5c6d65ca-003e-4b82-a4b1-5c08ba08c209"
"Mi oficina en casa ahora es un placer gracias a la Livina","Estoy fascinado/a con la Livina. El ensamblaje fue relativamente fácil, aunque una pieza costó un poco y desde el primer momento sentí el confort. Los materiales son premium y el color negro es muy elegante es precioso. ¡Una gran adquisición!","4","2024-02-14 00:00:00 UTC","judge-me","ok","Ricardo Diaz","ricardo.diaz1990@empresa.com.mx","7605681881297","livina","","","","","","review-a18126ef-c4a9-48b4-b4b5-fa5f5dc0ebd9"
"La recomiendo al 100%","Mi experiencia con la Aura ha sido excepcional. Es bastante ergonómica y un gran alivio para mi espalda. Ideal para estudiar por largas horas. La atención al cliente también fue muy buena cuando pregunté por el envío.","5","2024-05-31 00:00:00 UTC","judge-me","ok","Ximena Suarez","ximena.suarez42@outlook.com","7599476342993","aura","","","","","","review-46dad4d8-a5db-44cd-9793-8321bacbad69"
"¡Increíblemente cómoda la Livina!","La Livina es una auténtica maravilla. Se nota que está pensada para el bienestar del usuario. El respaldo se amolda a la espalda y el asiento es muy confortable. La recomiendo sin dudarlo a cualquiera que busque calidad.","5","2025-03-05 00:00:00 UTC","judge-me","ok","Alejandro Aguilar","alejandro.aguilar862@icloud.com","7605681881297","livina","","","","","","review-ec14dddf-8ad7-4234-8e1e-c961a6d0fe23"
"Estilo y funcionalidad en una silla","Compré la Calma para mi setup gaming y estoy encantado. Es súper cómoda para sesiones largas y el diseño es espectacular. Mis amigos ya me preguntaron dónde la conseguí. ¡Un 10 rotundo!","4","2025-05-09 21:52:54 UTC","judge-me","ok","Jorge Torres","jorge.torres796@outlook.com","7599476244689","calma","","","","","","review-154a4179-08b4-4a98-b38e-d27f7dfea63a"
"Casi perfecta la Aura","En general, la Aura es una buena silla ergonómica. El montaje fue relativamente fácil, aunque una pieza costó un poco y ofrece buen soporte. Los materiales se sienten de muy buena calidad y duraderos, aunque los reposabrazos, aunque cómodos, podrían tener más opciones de ajuste. Creo que por el precio está bien.","3","2025-01-04 00:00:00 UTC","judge-me","ok","Monica Moreno","monica.moreno330@outlook.com","7599476342993","aura","","","","","","review-48ce26fe-c3ea-4b8c-8eeb-c573a0a33bbf"
"¡Asombrosa la Calma!","Si pasas mucho tiempo sentado, esta silla Calma es para ti. Me ha ayudado a mejorar mi postura y a reducir la fatiga considerablemente. El diseño es moderno y combina genial con mi escritorio. ¡Cinco estrellas sin dudarlo!","5","2025-05-09 21:52:54 UTC","judge-me","ok","Andres Cruz","andres.cruz.@outlook.com","7599476244689","calma","","","","","","review-f3a9ba3f-6409-4098-a02a-3bfaca36d26d"
"Perfecta para largas jornadas de trabajo","Estaba buscando una silla ergonómica de calidad y la Calma ha superado todas mis expectativas. Es robusta, los acabados son impecables y, lo más importante, es increíblemente cómoda. Una excelente compra para mi salud postural.","5","2025-05-09 21:52:54 UTC","judge-me","ok","Luis Gutierrez","luis.gutierrez467@live.com.mx","7599476244689","calma","","","","","","review-8b3de633-9f07-47d0-8633-07507251b197"
"Excelente inversión en mi Serenidad","Si pasas mucho tiempo sentado, esta silla Serenidad es para ti. Me ha ayudado a mejorar mi postura y a reducir la fatiga considerablemente. El diseño es moderno y combina genial con mi escritorio. ¡Cinco estrellas sin dudarlo!","5","2025-05-09 21:52:54 UTC","judge-me","ok","Valentina Gomez","valentina.gomez.@empresa.com.mx","7599476211921","serenidad","","","","","","review-dc953136-25fd-4a20-9916-c8d2152ff394"
"¡Adiós dolor de espalda con la Terra!","Mi experiencia con la Terra ha sido excepcional. Es bastante ergonómica y fácil de ajustar. Ideal para mis sesiones de gaming. La atención al cliente también fue muy buena cuando pregunté por el envío.","5","2025-05-09 21:52:54 UTC","judge-me","ok","Adriana Silva","adriana.silva517@aol.com","7599428436177","terra","","","","","","review-e31e6813-f488-4e08-9cfe-9ad0432e0df1"
"Calidad y confort insuperables en la Serenidad","Desde que compré la Serenidad, mis jornadas de trabajo son mucho más placenteras. El soporte lumbar es fantástico y se ajusta perfectamente a mi cuerpo. Además, el envío fue rapidísimo. Una maravilla de silla.","5","2025-05-09 21:52:54 UTC","judge-me","ok","Valentina Moreno","valentina.moreno_@aol.com","7599476211921","serenidad","","","","","","review-3a8517b3-3cf7-4545-b39d-3fd49c026ee8"
"La Serenidad superó mis expectativas","Estoy fascinado/a con la Serenidad. El ensamblaje fue relativamente fácil, aunque una pieza costó un poco y desde el primer momento sentí el confort. Los materiales son premium y el color negro es muy elegante es precioso. ¡Una gran adquisición!","4","2025-05-09 21:52:54 UTC","judge-me","ok","Javier Moreno","javier.moreno856@icloud.com","7599476211921","serenidad","","","","","","review-79fd1236-82a9-4e81-9f14-702707e8480d"
"Comodidad garantizada","Estoy fascinado/a con la Terra. El ensamblaje fue relativamente fácil, aunque una pieza costó un poco y desde el primer momento sentí el confort. Los materiales son premium y el color azul es muy bonito es precioso. ¡Una gran adquisición!","4","2025-05-09 21:52:54 UTC","judge-me","ok","Santiago Vargas","santiago.vargas70@empresa.com.mx","7599428436177","terra","","","","","","review-392bea7a-1275-4ce2-a545-41ee53bd133e"
"Muy recomendable esta Terra","Estaba buscando una silla ergonómica de calidad y la Terra ha superado todas mis expectativas. Es robusta, los acabados son impecables y, lo más importante, es increíblemente cómoda. Una excelente compra para mi salud postural.","5","2025-05-09 21:52:55 UTC","judge-me","ok","Manuel Herrera","manuel.herrera.@yahoo.com.mx","7599428436177","terra","","","","","","review-7c4b7036-d919-4bc4-a11f-10e40e25104d"
"Mi oficina en casa ahora es un placer gracias a la Celeste","La Celeste es una auténtica maravilla. Se nota que está pensada para el bienestar del usuario. El respaldo se amolda a la espalda y el asiento es muy confortable. La recomiendo sin dudarlo a cualquiera que busque calidad.","4","2025-05-09 21:52:55 UTC","judge-me","ok","Joaquin Reyes","joaquin.reyes368@outlook.com","7599426732241","celeste","","","","","","review-82f78852-fb5f-49e6-9d03-cd6adeac8b16"
"Excelente inversión en mi Celeste","Si pasas mucho tiempo sentado, esta silla Celeste es para ti. Me ha ayudado a mejorar mi postura y a reducir la fatiga considerablemente. El diseño es moderno y combina genial con mi escritorio. ¡Cinco estrellas sin dudarlo!","5","2025-05-09 21:52:55 UTC","judge-me","ok","Santiago Medina","santiago.medina266@protonmail.com","7599426732241","celeste","¡Hola! ¡Muchas gracias por tu comentario sobre nuestra silla Celeste! Nos alegra saber que ha sido una excelente inversión para ti y que te ha ayudado a mejorar tu postura y reducir la fatiga. Nos enorgullece que el diseño moderno de la silla combine perfectamente con tu escritorio. ¡Nos esforzamos por brindar productos de alta calidad a nuestros clientes! ¡Gracias por elegir SillaVida! ¡Saludos!","2025-05-09 22:00:58 UTC","","","","review-0da479ee-fd5c-473d-a70f-0b128877d397"
"Montaje sencillo, comodidad instantánea con la Celeste","Al principio dudaba por el precio, pero la Celeste vale cada centavo. La calidad de los materiales se siente al tacto y el confort es inigualable. Fácil de armar y con ajustes muy intuitivos. ¡La amo y mi espalda también!","5","2025-05-09 21:52:55 UTC","judge-me","ok","Valentina Reyes","valentina.reyes1982@live.com.mx","7599426732241","celeste","","","","","","review-8a6f612a-1059-464c-9cb1-a4523d9a2218"
